{
  "analysis": "SSQ Phase E Incremental Prediction",
  "in_sample": {
    "model_a": {
      "aic": 584.4544706361825,
      "bic": 610.346006338822,
      "r2": 0.378986606704963,
      "adj_r2": 0.35483608585460036
    },
    "model_b": {
      "aic": 554.0848500666871,
      "bic": 592.9221536206464,
      "r2": 0.4936344078297469,
      "adj_r2": 0.46198655831910607
    },
    "f_test": {
      "f_stat": 9.962176197379543,
      "p_value": 2.733082509198681e-07
    }
  },
  "out_of_sample": {
    "n_predictions": 128,
    "rmse_a": 1.3214229527900014,
    "rmse_b": 1.229599573197443,
    "mae_a": 0.9043743609932914,
    "mae_b": 0.8661436517334634,
    "dm_stat": 1.7152438564236214,
    "dm_pval": 0.08630052723465109
  },
  "checks": {
    "AIC改善": true,
    "BIC改善": true,
    "F検定有意 (p<0.05)": true,
    "OOS RMSE改善": true,
    "DM検定 (p<0.10)": true
  },
  "verdict": "NEW_STATE_VARIABLE"
}