{
  "analysis": "SSQ Phase D+ Granger Causality",
  "optimal_lag_aic": 12,
  "stationarity": {
    "STI_yoy_adf_p": 0.0620307196563026,
    "DS_yoy_adf_p": 0.0005765071424282963
  },
  "granger_STI_to_DS": {
    "1": {
      "f_stat": 3.286443468044311,
      "p_value": 0.07086707629030518
    },
    "2": {
      "f_stat": 7.2345318473162115,
      "p_value": 0.000857427818578833
    },
    "3": {
      "f_stat": 6.865976289921143,
      "p_value": 0.00017522517542972697
    },
    "4": {
      "f_stat": 9.185947067451849,
      "p_value": 5.368565264744525e-07
    },
    "5": {
      "f_stat": 7.54191517153573,
      "p_value": 1.1458697531262896e-06
    },
    "6": {
      "f_stat": 6.450769390079749,
      "p_value": 2.188085809200155e-06
    },
    "7": {
      "f_stat": 5.60489229421566,
      "p_value": 4.635925865807618e-06
    },
    "8": {
      "f_stat": 4.958096082784623,
      "p_value": 9.505766562328967e-06
    },
    "9": {
      "f_stat": 4.470704071727072,
      "p_value": 1.742875362316459e-05
    },
    "10": {
      "f_stat": 4.1716670485780085,
      "p_value": 2.204931971580868e-05
    },
    "11": {
      "f_stat": 3.3247056461445976,
      "p_value": 0.00026352934274053065
    },
    "12": {
      "f_stat": 2.992254276316558,
      "p_value": 0.000607327718794745
    }
  },
  "granger_DS_to_STI": {
    "1": {
      "f_stat": 0.20620570388279374,
      "p_value": 0.6500905152830693
    },
    "2": {
      "f_stat": 1.341721707807661,
      "p_value": 0.2629964144997555
    },
    "3": {
      "f_stat": 1.4597256820659943,
      "p_value": 0.22569669022766883
    },
    "4": {
      "f_stat": 1.2307394164198626,
      "p_value": 0.29790676619124046
    },
    "5": {
      "f_stat": 1.0060750387683317,
      "p_value": 0.4143458789790241
    },
    "6": {
      "f_stat": 0.864528676579441,
      "p_value": 0.5214063366925329
    },
    "7": {
      "f_stat": 1.147627761270733,
      "p_value": 0.33344372237105807
    },
    "8": {
      "f_stat": 1.2241923962253123,
      "p_value": 0.28467193611596026
    },
    "9": {
      "f_stat": 1.4812669753289163,
      "p_value": 0.15457516626216156
    },
    "10": {
      "f_stat": 2.2955915614670874,
      "p_value": 0.01340421617764494
    },
    "11": {
      "f_stat": 2.2854064320495318,
      "p_value": 0.011062625520950976
    },
    "12": {
      "f_stat": 2.0201845758525128,
      "p_value": 0.022865762322448618
    }
  },
  "hac_robust": {
    "STI→DS": {
      "f_value": 2.2561457846538517,
      "p_value": 0.00988339257183137,
      "lag": 12,
      "n_obs": 288
    },
    "DS→STI": {
      "f_value": 2.986281349965845,
      "p_value": 0.0006216979220175943,
      "lag": 12,
      "n_obs": 288
    }
  },
  "judgment": "UNIDIRECTIONAL_STI_TO_DS"
}